,station_id,counts,name,lat,lon,station_type,capacity
0,82,3,St James Pl & Pearl St,40.71117416,-74.00016545,classic,27
1,119,5,Park Ave & St Edwards St,40.69608941,-73.97803415,classic,53
2,127,3,Barrow St & Hudson St,40.73172428,-74.00674436,classic,31
3,143,2,Clinton St & Joralemon St,40.69239502,-73.99337909,classic,50
4,144,4,Nassau St & Navy St,40.69839895,-73.98068914,classic,58
5,146,3,Hudson St & Reade St,40.71625008,-74.0091059,classic,55
6,152,3,Warren St & W Broadway,40.71473993,-74.00910627,classic,49
7,157,4,Henry St & Atlantic Ave,40.69089272,-73.99612349,classic,23
8,161,2,LaGuardia Pl & W 3 St,40.72917025,-73.99810231,classic,35
9,212,4,W 16 St & The High Line,40.74334935,-74.00681753,classic,60
10,217,20,Old Fulton St,40.70277159,-73.99383605,classic,39
11,229,6,Great Jones St,40.72743423,-73.99379025,classic,23
12,232,1,Cadman Plaza E & Tillary St,40.69597683,-73.99014892,classic,52
13,238,1,Bank St & Washington St,40.7361967,-74.00859207,classic,31
14,239,4,Willoughby St & Fleet St,40.69196566,-73.9813018,classic,62
15,245,4,Myrtle Ave & St Edwards St,40.69327018,-73.97703874,classic,56
16,247,7,Perry St & Bleecker St,40.73535398,-74.00483091,classic,59
17,249,1,Harrison St & Hudson St,40.71870987,-74.0090009,classic,27
18,250,2,Lafayette St & Jersey St,40.72456089,-73.99565293,classic,40
19,251,2,Mott St & Prince St,40.72317958,-73.99480012,classic,27
20,261,4,Johnson St & Gold St,40.69474881,-73.98362464,classic,41
21,262,1,Washington Park,40.6917823,-73.9737299,classic,24
22,265,7,Stanton St & Chrystie St,40.72229346,-73.99147535,classic,35
23,268,1,Howard St & Lafayette St,40.71910537,-73.99973337,classic,27
24,295,6,Pike St & E Broadway,40.71406667,-73.99293911,classic,24
25,298,3,3 Ave & Schermerhorn St,40.68683208,-73.9796772,classic,35
26,302,3,Avenue D & E 3 St,40.72082834,-73.97793172,classic,37
27,303,3,Mercer St & Spring St,40.72362738,-73.99949601,classic,67
28,304,1,Broadway & Battery Pl,40.70463334,-74.01361706,classic,48
29,305,1,E 58 St & 3 Ave,40.76095756,-73.96724467,classic,49
30,307,8,Canal St & Rutgers St,40.71427487,-73.98990025,classic,31
31,312,1,Allen St & Stanton St,40.722055,-73.989111,classic,33
32,313,2,Washington Ave & Park Ave,40.69610226,-73.96751037,classic,55
33,315,7,South St & Gouverneur Ln,40.70355377,-74.00670227,classic,29
34,316,4,Fulton St & William St,40.70960089363537,-74.00655090808868,classic,43
35,319,17,Fulton St & Broadway,40.711066,-74.009447,classic,33
36,320,1,Leonard St & Church St,40.717571,-74.005549,classic,54
37,321,5,Cadman Plaza E & Red Cross Pl,40.69991755,-73.98971773,classic,39
38,323,1,Lawrence St & Willoughby St,40.69236178,-73.98631746,classic,39
39,324,6,DeKalb Ave & Hudson Ave,40.689888,-73.981013,classic,74
40,325,2,E 19 St & 3 Ave,40.73624527,-73.98473765,classic,35
41,330,2,Reade St & Broadway,40.71450451,-74.00562789,classic,42
42,331,4,Pike St & Monroe St,40.71173107,-73.99193043,classic,27
43,340,1,Madison St & Clinton St,40.71269042,-73.98776323,classic,27
44,341,5,Stanton St & Mangin St,40.71782143,-73.97628939,classic,19
45,342,2,Columbia St & Rivington St,40.71739973,-73.98016555,classic,29
46,358,6,Christopher St & Greenwich St,40.73291553,-74.00711384,classic,50
47,360,2,William St & Pine St,40.70717936,-74.00887308,classic,39
48,361,9,Allen St & Hester St,40.71605866,-73.99190759,classic,79
49,364,1,Lafayette Ave & Classon Ave,40.68900443,-73.96023854,classic,27
50,368,1,Carmine St & 6 Ave,40.73038599,-74.00214988,classic,47
51,373,2,Willoughby Ave & Walworth St,40.69331716,-73.95381995,classic,19
52,376,1,John St & William St,40.70862144,-74.00722156,classic,43
53,380,6,W 4 St & 7 Ave S,40.73401143,-74.00293877,classic,42
54,383,3,Greenwich Ave & Charles St,40.735238,-74.000271,classic,39
55,389,3,Broadway & Berry St,40.71044554,-73.96525063,classic,27
56,390,5,Duffield St & Willoughby St,40.69221589,-73.9842844,classic,48
57,392,1,Jay St & Tech Pl,40.695065,-73.987167,classic,35
58,398,10,Atlantic Ave & Furman St,40.69165183,-73.9999786,classic,37
59,401,3,Allen St & Rivington St,40.72019576,-73.98997825,classic,42
60,403,6,E 2 St & 2 Ave,40.72502876,-73.99069656,classic,58
61,406,1,Hicks St & Montague St,40.69512845,-73.99595065,classic,20
62,408,2,Market St & Cherry St,40.71076228,-73.99400398,classic,45
63,411,2,E 6 St & Avenue D,40.72228087,-73.97668709,classic,31
64,412,3,Forsyth St & Canal St,40.7158155,-73.99422366,classic,29
65,417,3,Barclay St & Church St,40.71291224,-74.01020234,classic,25
66,421,1,Clermont Ave & Park Ave,40.69573398,-73.97129668,classic,19
67,435,1,W 21 St & 6 Ave,40.74173969,-73.99415556,classic,50
68,437,3,Macon St & Nostrand Ave,40.6809833854,-73.9500479759,classic,24
69,439,1,E 4 St & 2 Ave,40.7262807,-73.98978041,classic,43
70,443,1,Bedford Ave & S 9 St,40.70853074,-73.96408963,classic,23
71,460,6,S 4 St & Wythe Ave,40.71285887,-73.96590294,classic,25
72,462,2,W 22 St & 10 Ave,40.74691959,-74.00451887,classic,77
73,471,11,Grand St & Havemeyer St,40.71286844,-73.95698119,classic,31
74,473,4,Rivington St & Chrystie St,40.72110063,-73.9919254,classic,64
75,474,1,5 Ave & E 29 St,40.7451677,-73.98683077,classic,0
76,481,2,S 3 St & Bedford Ave,40.71260486,-73.96264403,classic,25
77,484,13,W 44 St & 5 Ave,40.75500254,-73.98014437,classic,46
78,502,2,Henry St & Grand St,40.714211,-73.981095,classic,36
79,503,1,E 20 St & Park Ave,40.73827428,-73.98751968,classic,30
80,510,8,W 51 St & 6 Ave,40.7606597,-73.98042047,classic,81
81,514,2,12 Ave & W 40 St,40.76087502,-74.00277668,classic,51
82,529,2,W 42 St & 8 Ave,40.7575699,-73.99098507,classic,41
83,531,5,Forsyth St & Broome St,40.71893904,-73.99266288,classic,66
84,532,8,S 5 Pl & S 5 St,40.710451,-73.960876,classic,43
85,539,9,Metropolitan Ave & Bedford Ave,40.71534825,-73.96024116,classic,31
86,2000,1,Front St & Washington St,40.70255088,-73.98940236,classic,57
87,2002,3,Wythe Ave & Metropolitan Ave,40.716887,-73.963198,classic,57
88,2008,2,Little West St & 1 Pl,40.70569254,-74.01677685,classic,35
89,2009,3,Catherine St & Monroe St,40.71117444,-73.99682619,classic,35
90,3016,7,Kent Ave & N 7 St,40.72036775298455,-73.96165072917938,classic,54
91,3042,5,Fulton St & Utica Ave,40.6794268,-73.9298911,classic,19
92,3053,1,Marcy Ave & Lafayette Ave,40.6900815,-73.947915,classic,23
93,3056,3,Kosciuszko St & Nostrand Ave,40.69072549,-73.95133465,classic,23
94,3062,3,Myrtle Ave & Marcy Ave,40.69539817,-73.94954908,classic,23
95,3065,3,Union Ave & Wallabout St,40.70029511,-73.95032283,classic,31
96,3068,5,Humboldt St & Varet St,40.7031724,-73.940636,classic,42
97,3071,4,Boerum St & Broadway,40.70538077,-73.94976519,classic,19
98,3072,3,Leonard St & Boerum St,40.70583339,-73.94644578,classic,24
99,3074,2,Montrose Ave & Bushwick Ave,40.70767788,-73.94016171,classic,42
100,3077,3,Stagg St & Union Ave,40.70877084,-73.95095259,classic,33
101,3081,6,Graham Ave & Grand St,40.711863,-73.944024,classic,29
102,3083,2,Bushwick Ave & Powers St,40.71247661,-73.94100005,classic,32
103,3085,7,Roebling St & N 4 St,40.71469,-73.95739,classic,25
104,3086,4,Graham Ave & Conselyea St,40.715143,-73.944507,classic,30
105,3087,7,Metropolitan Ave & Meeker Ave,40.71413311,-73.95234386,classic,30
106,3088,7,Union Ave & Jackson St,40.7160751,-73.952029,classic,19
107,3092,11,Berry St & N 8 St,40.7190095,-73.95852515,classic,27
108,3094,5,Graham Ave & Withers St,40.7169811,-73.94485918,classic,18
109,3095,4,Graham Ave & Herbert St,40.71929301,-73.94500379,classic,26
110,3096,12,Union Ave & N 12 St,40.71924,-73.95242,classic,39
111,3100,4,Nassau Ave & Newell St,40.724812564400175,-73.94752621650696,classic,51
112,3101,9,N 12 St & Bedford Ave,40.72079821,-73.95484712,classic,27
113,3102,12,Driggs Ave & Lorimer St,40.72179134,-73.9504154,classic,27
114,3105,6,N 15 St & Wythe Ave,40.724055,-73.955736,classic,54
115,3106,19,Driggs Ave & N Henry St,40.72325,-73.94308,classic,21
116,3107,12,Bedford Ave & Nassau Ave,40.72311651,-73.95212324,classic,39
117,3108,3,Nassau Ave & Russell St,40.72557,-73.94434,classic,51
118,3109,5,Banker St & Meserole Ave,40.72606,-73.95621,classic,31
119,3110,6,Meserole Ave & Manhattan Ave,40.72708584,-73.95299117,classic,28
120,3112,6,Milton St & Franklin St,40.72906,-73.95779,classic,33
121,3113,5,Greenpoint Ave & Manhattan Ave,40.73026,-73.95394,classic,27
122,3115,2,India St & Manhattan Ave,40.73232194,-73.9550858,classic,50
123,3116,2,Huron St & Franklin St,40.73266,-73.95826,classic,35
124,3124,2,46 Ave & 5 St,40.74731,-73.95451,classic,43
125,3125,2,45 Rd & 11 St,40.74708586,-73.94977234,classic,23
126,3140,1,1 Ave & E 78 St,40.77140426,-73.9535166,classic,57
127,3141,9,1 Ave & E 68 St,40.76500525,-73.95818491,classic,62
128,3184,1,Paulus Hook,40.7141454,-74.0335519,classic,14
129,3185,2,City Hall,40.7177325,-74.043845,classic,22
130,3186,17,Grove St PATH,40.71958611647166,-74.04311746358871,classic,42
131,3191,2,Union St,40.7182113,-74.0836394,classic,18
132,3193,1,Lincoln Park,40.7246050998869,-74.07840594649315,classic,18
133,3202,1,Newport PATH,40.7272235,-74.0337589,classic,18
134,3203,7,Hamilton Park,40.727595966,-74.044247311,classic,26
135,3209,1,Brunswick St,40.7241765,-74.0506564,classic,22
136,3211,4,Newark Ave,40.72152515,-74.046304543,classic,22
137,3220,1,5 Corners Library,40.734961020009514,-74.0595030784607,classic,18
138,3232,12,Bond St & Fulton St,40.68962188790333,-73.98304268717766,classic,47
139,3242,6,Schermerhorn St & Court St,40.69102925677968,-73.99183362722397,classic,59
140,3249,5,Verona Pl & Fulton St,40.6803560840434,-73.9476791024208,classic,19
141,3255,5,8 Ave & W 31 St,40.7505853470215,-73.9946848154068,classic,18
142,3256,6,Pier 40 - Hudson River Park,40.7277140777778,-74.01129573583603,classic,23
143,3260,3,Mercer St & Bleecker St,40.72706363348306,-73.99662137031554,classic,45
144,3269,1,Brunswick & 6th,40.72601172964625,-74.05038893222809,classic,14
145,3270,1,Jersey & 6th St,40.72528910781132,-74.04557168483734,classic,14
146,3272,6,Jersey & 3rd,40.72333158646436,-74.04595255851744,classic,14
147,3273,1,Manila & 1st,40.721650724879986,-74.04288411140442,classic,18
148,3278,1,Monmouth and 6th,40.72568548362901,-74.04879033565521,classic,14
149,3280,1,Astor Place,40.71928220070702,-74.07126188278198,classic,14
150,3298,3,Warren St & Court St,40.686371,-73.99383324,classic,31
151,3303,6,Butler St & Court St,40.6849894,-73.99440329,classic,35
152,3311,5,Columbia St & Kane St,40.68763155,-74.0016256,classic,20
153,3315,4,Henry St & Degraw St,40.6847514,-73.99917254,classic,23
154,3317,2,10 St & 5 Ave,40.6686273,-73.98700053,classic,24
155,3319,6,14 St & 5 Ave,40.666287,-73.98895053,classic,21
156,3321,2,Clinton St & Union St,40.6831164,-73.99785267,classic,38
157,3324,3,3 Ave & 14 St,40.6685455,-73.99333264,classic,25
158,3329,3,Degraw St & Smith St,40.6829151,-73.99318208,classic,27
159,3330,2,Henry St & Bay St,40.6725058,-74.00494695,classic,19
160,3332,6,Degraw St & Hoyt St,40.681990442707026,-73.99079024791718,classic,27
161,3335,5,Union St & 4 Ave,40.6772744,-73.98282002,classic,28
162,3337,6,Dwight St & Van Dyke St,40.67363551341504,-74.01195555925369,classic,23
163,3340,4,Wolcott St & Dwight St,40.6753274,-74.0100698,classic,21
164,3342,1,Pioneer St & Richards St,40.6777748,-74.0094613,classic,23
165,3347,3,Van Brunt St & Wolcott St,40.6773429,-74.01275056,classic,36
166,3348,1,Coffey St & Conover St,40.677236,-74.015665,classic,32
167,3352,3,Sigourney St & Columbia St,40.67267243410948,-74.0087952464819,classic,21
168,3361,1,Carroll St & 6 Ave,40.6740886,-73.9787282,classic,23
169,3364,3,Carroll St & 5 Ave,40.6751622,-73.9814832,classic,27
170,3368,8,5 Ave & 3 St,40.6728155,-73.98352355,classic,30
171,3373,1,3 St & 3 Ave,40.6750705,-73.98775226,classic,79
172,3374,3,Central Park North & Adam Clayton Powell Blvd,40.799484,-73.955613,classic,36
173,3377,1,Carroll St & Bond St,40.6786115,-73.99037292,classic,25
174,3382,7,Carroll St & Smith St,40.680611,-73.99475825,classic,41
175,3384,3,Smith St & 3 St,40.6787242,-73.99599099,classic,25
176,3389,2,Carroll St & Columbia St,40.6830456,-74.00348559,classic,39
177,3392,4,Commerce St & Van Brunt St,40.6812117,-74.00860912,classic,19
178,3394,1,Columbia St & W 9 St,40.6769993,-74.00647134,classic,21
179,3397,3,Court St & Nelson St,40.6763947,-73.99869893,classic,33
180,3398,6,Smith St & 9 St,40.6746957,-73.99785768,classic,23
181,3399,3,7 St & 3 Ave,40.67260298150126,-73.98983001708984,classic,24
182,3402,4,Court St & State St,40.6902375,-73.99203074,classic,32
183,3403,6,4 Ave & 9 St,40.6705135,-73.98876585,classic,31
184,3404,4,7 St & 5 Ave,40.6704922,-73.98541675,classic,27
185,3407,4,Union St & Nevins St,40.67909799721684,-73.98765474557877,classic,35
186,3409,8,Bergen St & Smith St,40.6867443,-73.99063168,classic,48
187,3410,4,Dean St & Hoyt St,40.6864442,-73.98759104,classic,77
188,3411,6,Bond St & Bergen St,40.6849668,-73.98620772,classic,27
189,3412,6,Pacific St & Nevins St,40.6853761,-73.98302136,classic,18
190,3414,1,Bergen St & Flatbush Ave,40.680944723477296,-73.97567331790923,classic,33
191,3419,7,Douglass St & 4 Ave,40.6792788,-73.98154004,classic,51
192,3420,6,Douglass St & 3 Ave,40.6802133,-73.98432695,classic,35
193,3421,3,Hoyt St & Warren St,40.6843549,-73.98901629,classic,35
194,3429,2,Hanson Pl & Ashland Pl,40.68506807308177,-73.97790759801863,classic,39
195,3430,4,Richardson St & N Henry St,40.71907891179564,-73.94223690032959,classic,25
196,3436,18,Greenwich St & Hubert St,40.721319,-74.010065,classic,35
197,3440,3,Fulton St & Adams St,40.692418292578466,-73.98949474096298,classic,47
198,3443,3,W 52 St & 6 Ave,40.76132983124814,-73.97982001304626,classic,59
199,3452,6,Bayard St & Leonard St,40.71915571696044,-73.94885390996933,classic,43
200,3453,10,Devoe St & Lorimer St,40.71335226222875,-73.9491033554077,classic,19
201,3454,2,Leonard St & Maujer St,40.7103685423523,-73.94705951213837,classic,24
202,3456,5,Jackson St & Leonard St,40.71638031973561,-73.94821286201477,classic,22
203,3478,1,2 Ave & 36 St,40.65708866668485,-74.00870203971863,classic,43
204,3483,1,Montgomery St,40.71942,-74.05099,classic,14
205,3491,1,E 118 St & 1 Ave,40.79747,-73.93504,classic,24
206,3499,2,2 Ave & E 122 St,40.8006721,-73.9349,classic,25
207,3514,1,Astoria Park S & Shore Blvd,40.7767,-73.927631,classic,33
208,3524,1,19 St & 24 Ave,40.7774552,-73.9225403,classic,23
209,3532,1,Ditmars Blvd & 19 St,40.78145,-73.9183302,classic,27
210,3534,4,Frederick Douglass Blvd & W 117 St,40.805159,-73.954692,classic,39
211,3553,16,Frederick Douglass Blvd & W 112 St,40.801694,-73.957145,classic,37
212,3589,4,Broadway & 12 St,40.7668,-73.9347774,classic,31
213,3600,7,31 Ave & Steinway St,40.7611488,-73.9170071,classic,27
214,3611,4,Vernon Blvd & 47 Rd,40.7449067,-73.9534573,classic,31
215,3613,6,Center Blvd & 48 Ave,40.745038,-73.957539,classic,27
216,3620,1,11 St & 43 Ave,40.7519071,-73.9479119,classic,28
217,3638,3,Washington St,40.7242941,-74.0354826,classic,18
218,3640,1,Journal Square,40.73367,-74.0625,classic,18
219,3641,1,Broadway & W 25 St,40.74286877312112,-73.98918628692627,classic,73
220,3648,1,Flushing Ave & Vanderbilt Ave,40.697950315695444,-73.97077560424805,classic,25
221,3664,15,North Moore St & Greenwich St,40.72019521437465,-74.0103006362915,classic,29
222,3668,9,Leonard St & Nassau Ave,40.7239567849954,-73.94984364509583,classic,26
223,3674,3,Jay St & York St,40.701403172577244,-73.98672670125961,classic,27
224,3676,3,Van Brunt St & Van Dyke St,40.6758329439129,-74.01472628116608,classic,24
225,3678,1,Fairmount Ave,40.72572613742557,-74.07195925712585,classic,18
226,3681,2,Grand St,40.71517767732029,-74.03768330812454,classic,18
227,3690,1,Park Pl & Church St,40.71334184275907,-74.00935515761375,classic,36
228,3692,15,5 St & Market St,40.699997484388504,-73.97440128028393,classic,39
229,3693,7,N 11 St & Kent Ave,40.72248188638219,-73.95921930670738,classic,27
230,3708,1,W 13 St & 5 Ave,40.735445,-73.99431,classic,29
231,3715,6,Driggs Ave & N 9 St,40.71816969454208,-73.95520135760307,classic,31
232,3726,1,Center Blvd & 51 Ave,40.743366080270214,-73.95960688591003,classic,23
233,3727,8,Frost St & Meeker Ave,40.71766197083994,-73.94880026578903,classic,38
234,3738,4,Delancey St & Eldridge St,40.719383,-73.991479,classic,31
235,3759,2,Irving Ave & Jefferson St,40.70538,-73.92535,classic,19
236,3760,5,Willoughby Ave & Wyckoff Ave,40.705614,-73.92153,classic,23
237,3762,5,3 Ave & Carroll St,40.677027,-73.9865,classic,27
238,3763,1,Wyckoff Av & Jefferson St,40.707165,-73.923711,classic,27
239,3764,1,Bushwick Ave & McKibbin St,40.705517,-73.93936,classic,21
240,3769,20,White St & Johnson Ave,40.707174,-73.93581,classic,23
241,3770,1,Central Ave & Flushing Ave,40.702831,-73.9333,classic,21
242,3772,5,Devoe St & Morgan Ave,40.713811,-73.93515,classic,19
243,3778,1,Irving Ave & DeKalb Ave,40.7027,-73.92095,classic,27
244,3783,5,Cliff St & Fulton St,40.70838,-74.00495,classic,65
245,3786,3,Division St & Bowery,40.714193,-73.996732,classic,49
246,3787,11,Dock 72 Way & Market St,40.69985,-73.97141,classic,22
247,3792,2,Columbus Dr at Exchange Pl,40.71687,-74.03281,classic,30
248,3795,2,10 St & 2 Ave,40.671907,-73.993612,classic,19
249,3804,3,Front St & Jay St,40.702461,-73.986842,classic,24
250,3811,2,27 Ave & 3 St,40.77485,-73.9342,classic,19
251,3816,1,Metropolitan Ave & Vandervoort Ave,40.71429,-73.93323,classic,24
252,3817,4,Withers St & Kingsland Ave,40.71773,-73.94051,classic,18
253,3845,1,Irving Ave & Harman St,40.70108,-73.9179,classic,21
254,3850,1,Jefferson St & Cypress Ave,40.70907,-73.92157,classic,25
255,3854,2,Morgan Ave & Maspeth Ave,40.716657,-73.93637,classic,25
256,3855,4,Frost St & Debevoise Ave,40.71882,-73.93948,classic,22
257,3856,1,Kingsland Ave & Nassau Ave,40.72577,-73.94173,classic,25
258,3857,4,Engert Ave & McGuinness Blvd,40.72158,-73.94546,classic,19
259,3899,9,Manhattan Av & Leonard St,40.72084,-73.94844,classic,18
260,3904,23,Wyckoff Ave & Gates Ave,40.699871408829885,-73.91171872615814,classic,36
261,3905,1,4 Ave & E 12 St,40.732647,-73.99011,classic,27
262,3911,5,Wyckoff St & Nevins St,40.683426,-73.984275,classic,22
263,3913,2,Sands St Gate,40.699569,-73.979827,classic,19
264,3916,2,Pearl St & Peck Slip,40.708485,-74.002751,classic,0
265,3917,2,Willoughby St & Ashland Pl,40.69178,-73.97877,classic,31
266,3922,8,Alexander Ave & E 134 St,40.807466,-73.927107,classic,19
267,3949,1,Brook Ave & E 138 St,40.807408,-73.91924,classic,23
268,4036,2,Motorgate,40.7639089,-73.9477213,classic,36
269,4037,2,Roosevelt Island Tramway,40.757284,-73.9536,classic,39
270,4058,12,Madison Av & E 51 St,40.75863,-73.97513,classic,61
271,4117,3,Sullivan Pl & Franklin Ave,40.66407983678161,-73.96025128666679,classic,27
272,4125,1,E 161 St & River Ave,40.827883,-73.927111,classic,38
273,4165,1,E 165 St & Clay Ave,40.82809,-73.91288,classic,19
274,4201,3,Clay Ave & Claremont Pkwy,40.83999,-73.90549,classic,21
275,4216,7,10 Ave & W 14 St,40.741981599940225,-74.00831580162048,classic,55
276,4218,2,Spruce St & Gold St,40.7103231,-74.0043228,classic,55
277,4225,3,Clinton St & Tillary St,40.696232971293156,-73.99142056703568,classic,33
278,4232,4,6 Ave & W 45 St,40.756951,-73.982631,classic,45
279,4240,1,E 44 St & Lexington Ave,40.752643,-73.974996,classic,0
280,4257,4,43 St & 37 Ave,40.750181,-73.919998,classic,21
281,4280,4,W 10 St & Washington St,40.73342399437081,-74.00851495563984,classic,46
282,4282,6,Washington St & Barrow St,40.73191132323174,-74.008769094944,classic,39
283,4297,2,Greenwich St & Perry St,40.73498,-74.00697,classic,31
284,4300,5,Bleecker St & Crosby St,40.72615604980408,-73.99510189890862,classic,43
285,4302,1,21 St & 23 Ave,40.778557,-73.919046,classic,22
286,4320,22,31 St & Ditmars Blvd,40.776168,-73.910485,classic,24
287,4331,2,48 St & 37 Ave,40.751555,-73.915026,classic,29
288,4333,1,E 5 St & Cooper Sq,40.72769,-73.990993,classic,34
289,4340,1,Clinton St & Cherry St,40.711471394469264,-73.98672603070736,classic,33
290,4341,1,Market St & Henry St,40.71310702305908,-73.99446353316307,classic,28
291,4342,3,16th St & 4th Ave,40.666197,-73.992466,classic,30
292,4343,4,3 Ave & 17 St,40.666168,-73.995549,classic,21
293,4346,3,17 St & 5 Ave,40.663493,-73.991007,classic,25
294,4357,3,Ft. Hamilton Pkwy & E 2 St,40.648005,-73.979342,classic,19
295,4358,2,Ft. Hamilton Pkwy & E 5 St,40.649037,-73.97673,classic,23
296,4359,1,Parade Pl & Crooke Ave,40.651847,-73.965248,classic,30
297,4361,3,Caton Ave & E 10 St,40.648481,-73.97058,classic,30
298,4363,3,E 8 St & Caton Ave,40.648055,-73.972432,classic,30
299,4364,1,Caton Ave & E 7 St,40.647718,-73.973663,classic,20
300,4365,2,E 3 St & Church Ave,40.643817,-73.977433,classic,21
301,4366,1,Albemarle Rd & McDonald Ave,40.645074,-73.979681,classic,20
302,4367,1,Chester Ave & 12 Ave,40.644367,-73.984276,classic,21
303,4369,17,23 St & 3 Ave,40.662611,-73.998623,classic,10
304,4371,3,30 St & 4 Ave,40.657743,-74.001141,classic,19
305,4372,3,34 St & 5 Ave,40.654098,-74.001131,classic,19
306,4374,1,48 St & 2 Ave,40.650176,-74.015606,classic,19
307,4377,3,Dahill Rd & 12 Ave,40.646037,-73.980963,classic,22
308,4379,3,34 St & 4 Ave,40.655278,-74.003101,classic,23
309,4385,2,53 St & 4 Ave,40.644862,-74.014531,classic,25
310,4386,3,57 St & 1 Ave,40.646377,-74.023087,classic,27
311,4388,1,44 St & 2 Ave,40.652502,-74.013587,classic,19
312,4389,1,47 St & 3 Ave,40.649143,-74.012384,classic,23
313,4392,2,52 St & 1 Ave,40.649292,-74.020105,classic,22
314,4404,1,3 Ave & Wakeman Pl,40.638246,-74.024714,classic,27
315,4407,3,Duane St & Hudson St,40.71703,-74.00925,classic,44
316,4409,5,36 St & 4 Ave,40.654144,-74.00422,classic,30
317,4410,5,41 St & 4 Ave,40.651354,-74.007168,classic,23
318,4412,1,53 St & 2 Ave,40.64744,-74.018846,classic,30
319,4415,1,2 Av & 37 St,40.656326,-74.009627,classic,31
320,4416,3,36 St & 3 Ave,40.655716,-74.006664,classic,30
321,4418,1,2 Ave & 32 St,40.659176,-74.006584,classic,27
322,4422,1,44 St & 3 Ave,40.651173,-74.011405,classic,23
323,4423,1,57 St & 4 Ave,40.642622,-74.016866,classic,22
324,4424,2,4 Ave & Shore Road Dr,40.637033,-74.022141,classic,20
325,4435,4,4 Ave & 17 St,40.665507,-73.993037,classic,23
326,4436,2,Park Cir & East Dr,40.651566,-73.972212,classic,29
327,4446,1,W 204 St & Nagle Ave,40.863211,-73.920827,classic,20
328,4449,1,Ocean Pkwy & Church Ave,40.644718957635746,-73.97451460361481,classic,25
329,4457,3,Broadway & Ellwood St,40.862058,-73.929719,classic,19
330,4476,3,St Marks Pl & 4 Ave,40.68177810928762,-73.97988975048065,classic,27
331,4480,5,Congress St & Hicks St,40.6893952,-73.9995126,classic,35
332,4489,2,45 St & 4 Ave,40.649145,-74.009486,classic,24
333,4514,6,President St & 4 Ave,40.676757,-73.983262,classic,31
334,4517,1,South Waterfront Walkway - Sinatra Dr & 1 St,40.73698221818716,-74.02778059244156,classic,30
335,4518,12,11 St & Washington St,40.74998490907138,-74.02715027332306,classic,24
336,4521,1,Madison St & 1 St,40.73879,-74.0393,classic,21
337,4522,1,Bloomfield St & 15 St,40.75453,-74.02658,classic,14
338,4524,1,Columbus Park - Clinton St & 9 St,40.74816121065146,-74.0324530005455,classic,26
339,4525,4,Grand St & 14 St,40.75409,-74.0316,classic,19
340,4531,1,Clinton St & 7 St,40.74542,-74.03332,classic,18
341,4535,2,9 St HBLR - Jackson St & 8 St,40.74790720968899,-74.03841152787209,classic,18
342,4536,2,Hoboken Terminal - Hudson St & Hudson Pl,40.73593758446329,-74.03030455112457,classic,24
343,4537,4,14 St Ferry - 14 St & Shipyard Ln,40.752960630464955,-74.02435272932053,classic,32
344,4539,5,Willow Ave & 12 St,40.7518674823282,-74.03037697076797,classic,15
345,4542,5,Andrews Ave S & W 179 St,40.855156,-73.91278,classic,20
346,4546,1,Adams St & 11 St,40.750915534784994,-74.03354063630104,classic,18
347,4548,2,58 St & Pier 4,40.646475,-74.026081,classic,31
348,4550,3,Webster Ave & Ford St,40.85556,-73.89615,classic,23
349,4568,1,Botanical Sq & Webster Ave,40.86814,-73.88145,classic,32
350,4590,2,Bridge St & Water St,40.702969341552716,-73.98469090461731,classic,47
351,4591,14,Dock St & Front St,40.702709,-73.99253,classic,29
352,4593,1,Myrtle Ave & Fleet Pl,40.693534,-73.981909,classic,47
353,4594,7,Ashland Pl & Dekalb Ave,40.690065,-73.978776,classic,47
354,4596,6,Boerum Pl	& Pacific St,40.68848905639242,-73.99116039276123,classic,47
355,4598,1,Nassau St	& Duffield St,40.698477,-73.98384,classic,53
356,4602,1,Adams St & Prospect St,40.700763083261506,-73.98869812488556,classic,59
357,4619,1,Bergen Ave & Stegman St,40.70657545063453,-74.0867006778717,classic,19
358,4620,2,Congress St & Clinton St,40.68825516598005,-73.99545192718506,classic,44
359,4625,5,Bridge St & York St,40.70133448066992,-73.98471236228943,classic,54
360,4632,8,Water St & Main St,40.703212,-73.990409,classic,45
361,4640,2,Broadway & E 21 St,40.739888408589955,-73.98958593606949,classic,54
362,4648,10,Vesey St & Church St,40.71221958009051,-74.01047229766846,classic,48
363,4649,2,12 St & Sinatra Dr N,40.750604142368964,-74.02402013540268,classic,28
364,4653,1,Adams St & 2 St,40.73981372311843,-74.03690412640572,classic,15
365,4656,5,Clinton St & Newark St,40.73743,-74.03571,classic,14
366,4658,3,Flatbush Ave & Ocean Ave,40.663657,-73.963014,classic,41
367,4663,7,Nevins St & Schermerhorn St,40.68737247650719,-73.98176059126854,classic,28
368,4665,5,Lafayette Ave & Ft Greene Pl,40.68700231292619,-73.97664964199066,classic,36
369,4666,2,Coffey St & Ferris St,40.67818387977647,-74.0170168876648,classic,24
370,4671,8,Calyer St & Guernsey St,40.72755807335852,-73.95505852997303,classic,20
371,4673,1,Marshall St & 2 St,40.740802,-74.042521,classic,18
372,4674,2,45 Ave & 21 St,40.74737075646803,-73.94777297973631,classic,21
373,4685,1,Sterling Pl & 5 Ave,40.678970070475735,-73.97855266928671,classic,27
374,4689,1,Broadway & Morris St,40.705945132708806,-74.01321887969969,classic,47
375,4690,22,Greenwich St & Rector St,40.70806582380646,-74.0135595202446,classic,41
376,4694,6,South St & Pike St,40.70991806921533,-73.99161100387573,classic,35
377,4695,1,Orchard St & Grand St,40.717318403855785,-73.99067759513855,classic,31
378,4696,3,E Houston St & Columbia St,40.71978635452822,-73.97871628403664,classic,35
379,4704,1,E 5 St & Ave A,40.72479007746337,-73.98430064320564,classic,48
380,4706,2,Rutgers St & Henry St,40.71332151208186,-73.99009689688683,classic,40
381,4710,4,Water St &  Fletcher St,40.706410755236135,-74.00559738278389,classic,53
382,4734,2,W 33 St & 10 Ave,40.753773368360385,-73.99937599897385,classic,51
383,4735,1,Broadway & E 19 St,40.73866091428551,-73.98987293243407,classic,45
384,4749,2,N Moore St & Hudson St,40.71996118117138,-74.00844320654869,classic,44
